"filename", "language", "Go", "Go Checksum File", "JSON", "Go Module File", "comment", "blank", "total"
"/Users/zlux/Project/Active/LinkStart/linkstar/config/enter.go", "Go", -1, 0, 0, 0, 0, -1, -2
"/Users/zlux/Project/Active/LinkStart/linkstar/config/stunServers.json", "JSON", 0, 0, 23, 0, 0, 0, 23
"/Users/zlux/Project/Active/LinkStart/linkstar/config/stunService.json", "JSON", 0, 0, -23, 0, 0, 0, -23
"/Users/zlux/Project/Active/LinkStart/linkstar/global/enter.go", "Go", 3, 0, 0, 0, 0, 1, 4
"/Users/zlux/Project/Active/LinkStart/linkstar/go.mod", "Go Module File", 0, 0, 0, 6, 0, 0, 6
"/Users/zlux/Project/Active/LinkStart/linkstar/go.sum", "Go Checksum File", 0, 45, 0, 0, 0, 0, 45
"/Users/zlux/Project/Active/LinkStart/linkstar/modules/stun/core/init_stun_server.go", "Go", 43, 0, 0, 0, 2, 6, 51
"/Users/zlux/Project/Active/LinkStart/linkstar/modules/stun/core/init_stun_service.go", "Go", -43, 0, 0, 0, -2, -6, -51
"/Users/zlux/Project/Active/LinkStart/linkstar/modules/stun/get_fast_stun_server.go", "Go", 58, 0, 0, 0, 5, 20, 83
"/Users/zlux/Project/Active/LinkStart/linkstar/modules/stun/init_stun.go", "Go", 3, 0, 0, 0, 0, 2, 5
"/Users/zlux/Project/Active/LinkStart/linkstar/modules/stun/model/enter.go", "Go", 2, 0, 0, 0, 0, 0, 2
"Total", "-", 65, 45, 0, 6, 5, 22, 143