"filename", "language", "Go", "Go Checksum File", "HTML", "JSON", "Go Module File", "comment", "blank", "total"
"/Users/zlux/Project/Active/LinkStart/linkstar/api/enter.go", "Go", 4, 0, 0, 0, 0, 0, 3, 7
"/Users/zlux/Project/Active/LinkStart/linkstar/api/stun_api/enter.go", "Go", 3, 0, 0, 0, 0, 0, 2, 5
"/Users/zlux/Project/Active/LinkStart/linkstar/config/stunServers.json", "JSON", 0, 0, 0, 23, 0, 0, 0, 23
"/Users/zlux/Project/Active/LinkStart/linkstar/core/enter.go", "Go", 1, 0, 0, 0, 0, 0, 1, 2
"/Users/zlux/Project/Active/LinkStart/linkstar/flags/enter.go", "Go", 1, 0, 0, 0, 0, 0, 1, 2
"/Users/zlux/Project/Active/LinkStart/linkstar/global/enter.go", "Go", 5, 0, 0, 0, 0, 0, 3, 8
"/Users/zlux/Project/Active/LinkStart/linkstar/go.mod", "Go Module File", 0, 0, 0, 0, 42, 0, 4, 46
"/Users/zlux/Project/Active/LinkStart/linkstar/go.sum", "Go Checksum File", 0, 133, 0, 0, 0, 0, 1, 134
"/Users/zlux/Project/Active/LinkStart/linkstar/main.go", "Go", 11, 0, 0, 0, 0, 1, 5, 17
"/Users/zlux/Project/Active/LinkStart/linkstar/middleware/enter.go", "Go", 1, 0, 0, 0, 0, 0, 1, 2
"/Users/zlux/Project/Active/LinkStart/linkstar/modules/srv/enter.go", "Go", 1, 0, 0, 0, 0, 0, 1, 2
"/Users/zlux/Project/Active/LinkStart/linkstar/modules/stun/core/init_stun_server.go", "Go", 43, 0, 0, 0, 0, 2, 6, 51
"/Users/zlux/Project/Active/LinkStart/linkstar/modules/stun/get_fast_stun_server.go", "Go", 58, 0, 0, 0, 0, 5, 20, 83
"/Users/zlux/Project/Active/LinkStart/linkstar/modules/stun/get_pulic_ip_info.go", "Go", 57, 0, 0, 0, 0, 9, 19, 85
"/Users/zlux/Project/Active/LinkStart/linkstar/modules/stun/init_stun.go", "Go", 12, 0, 0, 0, 0, 0, 8, 20
"/Users/zlux/Project/Active/LinkStart/linkstar/modules/stun/model/enter.go", "Go", 34, 0, 0, 0, 0, 4, 10, 48
"/Users/zlux/Project/Active/LinkStart/linkstar/routers/enter.go", "Go", 9, 0, 0, 0, 0, 0, 5, 14
"/Users/zlux/Project/Active/LinkStart/linkstar/routers/stun.go", "Go", 4, 0, 0, 0, 0, 0, 4, 8
"/Users/zlux/Project/Active/LinkStart/linkstar/routers/stun/enter.go", "Go", 1, 0, 0, 0, 0, 0, 1, 2
"/Users/zlux/Project/Active/LinkStart/linkstar/test/srv-panel/go.mod", "Go Module File", 0, 0, 0, 0, 36, 0, 4, 40
"/Users/zlux/Project/Active/LinkStart/linkstar/test/srv-panel/go.sum", "Go Checksum File", 0, 88, 0, 0, 0, 0, 1, 89
"/Users/zlux/Project/Active/LinkStart/linkstar/test/srv-panel/main.go", "Go", 201, 0, 0, 0, 0, 23, 44, 268
"/Users/zlux/Project/Active/LinkStart/linkstar/test/srv-panel/web/index.html", "HTML", 0, 0, 528, 0, 0, 0, 66, 594
"/Users/zlux/Project/Active/LinkStart/linkstar/test/stun/go.mod", "Go Module File", 0, 0, 0, 0, 15, 0, 4, 19
"/Users/zlux/Project/Active/LinkStart/linkstar/test/stun/go.sum", "Go Checksum File", 0, 69, 0, 0, 0, 0, 1, 70
"/Users/zlux/Project/Active/LinkStart/linkstar/test/stun/main.go", "Go", 662, 0, 0, 0, 0, 39, 101, 802
"/Users/zlux/Project/Active/LinkStart/linkstar/test/upnp/go.mod", "Go Module File", 0, 0, 0, 0, 4, 0, 4, 8
"/Users/zlux/Project/Active/LinkStart/linkstar/test/upnp/go.sum", "Go Checksum File", 0, 4, 0, 0, 0, 0, 1, 5
"/Users/zlux/Project/Active/LinkStart/linkstar/test/upnp/main.go", "Go", 157, 0, 0, 0, 0, 15, 20, 192
"/Users/zlux/Project/Active/LinkStart/linkstar/utils/enter.go", "Go", 1, 0, 0, 0, 0, 0, 1, 2
"/Users/zlux/Project/Active/LinkStart/linkstar/utils/utils_json.go", "Go", 26, 0, 0, 0, 0, 6, 10, 42
"/Users/zlux/Project/Active/LinkStart/linkstar/web/index.html", "HTML", 0, 0, 10, 0, 0, 0, 4, 14
"Total", "-", 1292, 294, 538, 23, 97, 104, 356, 2704